id,source,platform,title,author_or_listing_name,text_snippet,url,timestamp,city_or_location,matched_keywords,lead_type,intent_score,outreach_draft,outreach_variants,status,notes,created_at
3f1a9b8c7d6e5f40,craigslist,Craigslist KC,Broken PS5 for parts - HDMI port issue,Craigslist listing,"PS5 works but HDMI port is damaged, no signal to TV. Selling for parts or repair. $150 OBO. Lee's Summit.",https://kansascity.craigslist.org/sss/d/lees-summit-broken-ps5-for-parts/7712345678.html,2026-04-09T14:22:00+00:00,Kansas City,PS5 HDMI | HDMI port | no signal | PS5 | broken | for parts,console_hdmi,5,"Hey, sounds like a classic HDMI port issue on the PS5. Tech Guardian in Lee's Summit fixes these routinely — usually a same-week turnaround with a warranty on the repair. Want me to send over a quote?","Hey, saw your post about the HDMI issue on your PS5. If it turns out to be HDMI related, we fix those in-house all the time at Tech Guardian here in Kansas City. No pressure at all — happy to answer questions or give you a ballpark if you want one.
---
Hey, sounds like a classic HDMI port issue on the PS5. Tech Guardian in Lee's Summit fixes these routinely — usually a same-week turnaround with a warranty on the repair. Want me to send over a quote?
---
Hey, if you're trying to get back online fast, we can usually turn around PS5 HDMI repairs within a few days at Tech Guardian in Lee's Summit. Limited same-day slots most weeks — want me to check availability?",new,,2026-04-10T21:15:44+00:00
8a2b4c6d9e0f1234,reddit,Reddit /r/kansascity,Anyone fix Xbox Series X HDMI port in KC?,u/kcgamer42,"My Series X HDMI port is bent and won't display anything on the TV. Looking for a repair shop in the metro that can fix it without me having to ship it out. Overland Park area preferred.",https://www.reddit.com/r/kansascity/comments/abc123/anyone_fix_xbox_series_x_hdmi_port_in_kc/,2026-04-08T19:03:11+00:00,,Xbox HDMI | Series X HDMI | HDMI port | bent HDMI | won't display | Xbox Series X | anyone fix | repair shop,console_hdmi,5,"Hey kcgamer42, sounds like a classic HDMI port issue on the Xbox Series X. Tech Guardian in Lee's Summit fixes these routinely — usually a same-week turnaround with a warranty on the repair. Want me to send over a quote?","Hey kcgamer42, saw your post about the HDMI issue on your Xbox Series X. If it turns out to be HDMI related, we fix those in-house all the time at Tech Guardian here in Kansas City. No pressure at all — happy to answer questions or give you a ballpark if you want one.
---
Hey kcgamer42, sounds like a classic HDMI port issue on the Xbox Series X. Tech Guardian in Lee's Summit fixes these routinely — usually a same-week turnaround with a warranty on the repair. Want me to send over a quote?
---
Hey kcgamer42, if you're trying to get back online fast, we can usually turn around Xbox Series X HDMI repairs within a few days at Tech Guardian in Lee's Summit. Limited same-day slots most weeks — want me to check availability?",new,,2026-04-10T21:15:44+00:00
1c2d3e4f5a6b7890,reddit,Reddit /r/PS5,PS5 black screen after HDMI cable wiggle - help,u/ps5sadface,"Was cleaning behind my TV and now my PS5 gives a black screen. I can hear it boot but no display. Tried different HDMI cables. Pretty sure I bent the port. Is this repairable?",https://www.reddit.com/r/PS5/comments/xyz456/ps5_black_screen_after_hdmi_cable_wiggle_help/,2026-04-07T02:48:00+00:00,,PS5 HDMI | HDMI port | black screen | no display | bent HDMI | PS5 | broken,console_hdmi,4,"Hey ps5sadface, sounds like a classic HDMI port issue on the PS5. Tech Guardian in Lee's Summit fixes these routinely — usually a same-week turnaround with a warranty on the repair. Want me to send over a quote?","Hey ps5sadface, saw your post about the HDMI issue on your PS5. If it turns out to be HDMI related, we fix those in-house all the time at Tech Guardian here in Kansas City. No pressure at all — happy to answer questions or give you a ballpark if you want one.
---
Hey ps5sadface, sounds like a classic HDMI port issue on the PS5. Tech Guardian in Lee's Summit fixes these routinely — usually a same-week turnaround with a warranty on the repair. Want me to send over a quote?
---
Hey ps5sadface, if you're trying to get back online fast, we can usually turn around PS5 HDMI repairs within a few days at Tech Guardian in Lee's Summit. Limited same-day slots most weeks — want me to check availability?",new,,2026-04-10T21:15:44+00:00
