WEEKLY DASHBOARD - Tech Guardian,,,,,,
Week Of:,[Enter Date],,,,,,
,,,,,,,
KEY METRICS THIS WEEK,Goal,Actual,vs Goal,Last Week,Trend,Notes
Revenue,$,,,,,
Repairs Completed,,,,,,,
Average Ticket,$150,,,,,
Same-Day Completions %,90%,,,,,
Customer Satisfaction,95%,,,,,
New Google Reviews,2+,,,,,
Walk-ins,,,,,,,
Appointments,,,,,,,
,,,,,,,
TEAM CHECK-IN,Mon,Tue,Wed,Thu,Fri,Sat
[Team Member 1],,,,,,,
[Team Member 2],,,,,,,
[Owner],,,,,,,
,,,,,,,
TOP REPAIRS THIS WEEK,Count,Revenue,Avg Price,Parts Cost,Profit
iPhone Screen,,,,,
Console Repair,,,,,
MacBook,,,,,
Other,,,,,
,,,,,,,
ISSUES / BLOCKERS,Status,Owner,Due
[Issue 1],,,
[Issue 2],,,
[Issue 3],,,
,,,,,,,
WINS THIS WEEK,,,,,,,
1.,,,,,,,
2.,,,,,,,
3.,,,,,,,
,,,,,,,
NEXT WEEK PRIORITIES,Owner,Due,Notes
1.,,,
2.,,,
3.,,,
